﻿Designator,Footprint,Quantity,Value,LCSC Part #
"C1, C10, C100, C101, C102, C103, C104, C11, C12, C15, C16, C17, C18, C19, C2, C20, C21, C22, C23, C24, C25, C26, C29, C3, C30, C31, C32, C33, C34, C35, C36, C37, C38, C39, C4, C40, C49, C5, C50, C51, C52, C53, C54, C57, C58, C59, C6, C60, C61, C62, C65, C66, C67, C68, C69, C7, C70, C73, C74, C75, C76, C77, C78, C8, C81, C82, C83, C84, C85, C86, C87, C88, C89, C9, C90, C91, C92, C93, C94, C95, C96, C97, C98, C99",0805,84,C,
"D10, D11, D12, D13, D14, D15, D16, D17, D18, D19, D2, D20, D21, D22, D23, D24, D25, D26, D27, D28, D29, D3, D30, D31, D32, D33, D34, D35, D36, D37, D38, D39, D4, D40, D41, D42, D43, D44, D45, D46, D47, D48, D49, D5, D50, D51, D52, D53, D54, D55, D56, D57, D58, D59, D6, D60, D61, D62, D63, D64, D65, D66, D67, D68, D69, D7, D70, D71, D72, D73, D74, D75, D76, D77, D78, D79, D8, D80, D81, D82, D83, D84, D85, D9",D_DO-35_SOD27_P7.62mm_Horizontal,84,D,
J2,USB_C_Receptacle_HRO_TYPE-C-31-M-12,1,USB_C_Receptacle_USB2.0_16P,
"LED1, LED10, LED11, LED12, LED13, LED14, LED15, LED16, LED17, LED18, LED19, LED2, LED20, LED21, LED22, LED23, LED24, LED25, LED26, LED27, LED28, LED29, LED3, LED30, LED31, LED32, LED33, LED34, LED35, LED36, LED37, LED38, LED39, LED4, LED40, LED41, LED42, LED43, LED44, LED45, LED46, LED47, LED48, LED49, LED5, LED50, LED51, LED52, LED53, LED54, LED55, LED56, LED57, LED58, LED59, LED6, LED60, LED61, LED62, LED63, LED64, LED65, LED66, LED67, LED68, LED69, LED7, LED70, LED71, LED72, LED73, LED74, LED75, LED76, LED77, LED78, LED79, LED8, LED80, LED81, LED82, LED83, LED84, LED9",LED_SK6812MINI_PLCC4_3.5x3.5mm_P1.75mm,84,SK6812MINI,
R1,0805,1,330 OHMS,
R2,R_Axial_DIN0207_L6.3mm_D2.5mm_P7.62mm_Horizontal,1,R,
"R3, R4",0603,2,R,
"SW10, SW11, SW12, SW14, SW15, SW16, SW17, SW18, SW2, SW20, SW21, SW22, SW23, SW24, SW25, SW26, SW27, SW28, SW29, SW3, SW30, SW31, SW32, SW33, SW35, SW36, SW37, SW38, SW39, SW40, SW41, SW42, SW43, SW44, SW45, SW46, SW47, SW48, SW49, SW50, SW51, SW52, SW53, SW54, SW56, SW57, SW58, SW59, SW60, SW62, SW63, SW64, SW65, SW66, SW67, SW68, SW71, SW76, SW77, SW78, SW79, SW8, SW80, SW81, SW82, SW83, SW84, SW85, SW9",Kailh-PG1353-Hotswap-1U,69,SW_Push,
"SW13, SW19, SW55, SW61, SW7, SW70, SW75",Kailh-PG1353-Hotswap-1.25U,7,SW_Push,
SW34,Kailh-PG1353-Hotswap-6.25U,1,SW_Push,
"SW4, SW73",Kailh-PG1353-Hotswap-1.5U,2,SW_Push,
SW5,Kailh-PG1353-Hotswap-1.75U,1,SW_Push,
"SW6, SW74",Kailh-PG1353-Hotswap-2.25U,2,SW_Push,
SW69,Kailh-PG1353-Hotswap-2.75U,1,SW_Push,
SW72,Kailh-PG1353-Hotswap-2U,1,SW_Push,
SW86,RotaryEncoder_Alps_EC11E-Switch_Vertical_H20mm,1,RotaryEncoder_Switch,
U2,RP2xxx_Stamp_THT,1,RP2350_Stamp,
